name,title,content,number,address,price,district_id
ダイドーインドアテニスクラブ,キッズからシニアの方まで！楽しみながら上達できるスクール,この文章はダミーです。文字の大きさ、量、字間、行間等を確認するために入れています。この文章はダミーです。文字の大きさ、量、字間、行間等を確認するために入れています。この文章はダミーです。文字の大きさ、量、字間、行間等を確認するために入れています。この文章はダミーです。文字の大きさ,06-1111-1111,〒533-0011 大阪府大阪市東淀川区大桐,7000,1
大阪市立淀川屋内プール,ピカピカの設備で体を動かしませんか？,,06-1111-1111,〒532-0023 大阪府大阪市淀川区十三東,6000,2
コナミスポーツクラブ新大阪,運動を習慣化しよう！,この文章はダミーです。文字の大きさ、量、字間、行間等を確認するために入れています。この文章はダミーです。文字の大きさ、量、字間、行間等を確認するために入れています。この文章はダミーです。文字の大きさ、量、字間、行間等を確認するために入れています。この文章はダミーです。文字の大きさ,06-1111-1111,〒532-0004 大阪府大阪市淀川区西宮原,7500,3
パシオスポーツクラブ福島,充実の施設と豊富なプログラムが揃ったスポーツクラブです。,この文章はダミーです。文字の大きさ、量、字間、行間等を確認するために入れています。この文章はダミーです。文字の大きさ、量、字間、行間等を確認するために入れています。この文章はダミーです。文字の大きさ、量、字間、行間等を確認するために入れています。この文章はダミーです。文字の大きさ,06-1111-1111,〒553-0007 大阪府大阪市福島区大開,8400,4
ゴールドジム大阪中之島,フリーウェイト中心のジムです。大阪屈指のハードコアジムで筋トレをしよう！,この文章はダミーです。文字の大きさ、量、字間、行間等を確認するために入れています。この文章はダミーです。文字の大きさ、量、字間、行間等を確認するために入れています。この文章はダミーです。文字の大きさ、量、字間、行間等を確認するために入れています。この文章はダミーです。文字の大きさ,06-1111-1111,〒553-0003 大阪市福島区福島,7000,5
Feliz(フェリーズ)パーソナルトレーニング・ダイエットジム梅田店,低価格で通いやすいパーソナルトレーニング・ダイエットジムに挑戦！,準備中です。準備中です。準備中です。準備中です。準備中です。準備中です。準備中です。準備中です。準備中です。準備中です。準備中です。準備中です。準備中です。準備中です。準備中です。準備中です。準備中です。準備中です。,06-1111-1111,〒530-0014 大阪府大阪市北区鶴野町,9000,6
ブリヂストンスイミングスクール 旭,赤ちゃんからご高齢の方、全く泳げない人から競泳選手、さまざまなレベルやニーズに対応できる豊富なプログラムを実施しています。,準備中です。準備中です。準備中です。準備中です。準備中です。準備中です。準備中です。準備中です。準備中です。準備中です。準備中です。準備中です。準備中です。準備中です。準備中です。準備中です。準備中です。準備中です。,06-1111-1111,〒535-0002 大阪府大阪市旭区大宮,6500,7
フットサル プラスカステロ,初心者の方大歓迎！,準備中です。準備中です。準備中です。準備中です。準備中です。準備中です。準備中です。準備中です。準備中です。準備中です。準備中です。準備中です。準備中です。準備中です。準備中です。準備中です。準備中です。準備中です。,06-1111-1111,〒535-0031 大阪府大阪市旭区高殿,7800,8
Juke.Golf.Club,ゴルフを始めてみませんか？,準備中です。準備中です。準備中です。準備中です。準備中です。準備中です。準備中です。準備中です。準備中です。準備中です。準備中です。準備中です。準備中です。準備中です。準備中です。準備中です。準備中です。準備中です。,06-1111-1111,〒542-0075 大阪府大阪市中央区難波,4000,9
ミズノテニスプラザ舞洲,駅から近い立地です。テニス始めてみませんか？,準備中です。準備中です。準備中です。準備中です。準備中です。準備中です。準備中です。準備中です。準備中です。準備中です。準備中です。準備中です。準備中です。準備中です。準備中です。準備中です。準備中です。準備中です。,06-1111-1111,〒554-0042 大阪府大阪市此花区北港緑地,10000,10
総合スポーツクラブ ニッコースポーツ,おとなからこどもまで楽しめるアットホームなスポーツクラブ！,準備中です。準備中です。準備中です。準備中です。準備中です。準備中です。準備中です。準備中です。準備中です。準備中です。準備中です。準備中です。準備中です。準備中です。準備中です。準備中です。準備中です。準備中です。,06-1111-1111,〒547-0041 大阪府大阪市平野区,5500,11
Real-ize（リアル アイズ）,ただいま入会金無料キャンペーン！,この文章はダミーです。文字の大きさ、量、字間、行間等を確認するために入れています。この文章はダミーです。文字の大きさ、量、字間、行間等を確認するために入れています。この文章はダミーです。文字の大きさ、量、字間、行間等を確認するために入れています。この文章はダミーです。文字の大きさ,06-1111-1111,〒547-0027 大阪府大阪市,5400,12
ボディビルジム ソティックジム,大阪屈指のハードコアジムです。パーソナルトレーニングもしてます。,準備中です。準備中です。準備中です。準備中です。準備中です。準備中です。準備中です。準備中です。準備中です。準備中です。準備中です。準備中です。準備中です。準備中です。準備中です。準備中です。準備中です。準備中です。,06-1111-1111,〒545-0005 大阪市阿倍野区三明町12000,13
FiT24(フィット24) 城東古市店,“満足をそろえた”24時間トレーニングジム。,準備中です。準備中です。準備中です。準備中です。準備中です。準備中です。準備中です。準備中です。準備中です。準備中です。準備中です。準備中です。準備中です。準備中です。準備中です。準備中です。準備中です。準備中です。,06-1111-1111,〒536-0001 大阪府大阪市城東区古市,8000,14
キックボクシング専門パーソナルトレーニングジムSTYLE 天満橋店,RIZIN目指しましょう！,準備中です。準備中です。準備中です。準備中です。準備中です。準備中です。準備中です。準備中です。準備中です。準備中です。準備中です。準備中です。準備中です。準備中です。準備中です。準備中です。準備中です。準備中です。,06-1111-1111,〒540-0012 大阪府大阪市中央区谷町,7600,15
今福阪奈ゴルフガーデン,女性の会員が多いゴルフクラブです！,この文章はダミーです。文字の大きさ、量、字間、行間等を確認するために入れています。この文章はダミーです。文字の大きさ、量、字間、行間等を確認するために入れています。この文章はダミーです。文字の大きさ、量、字間、行間等を確認するために入れています。この文章はダミーです。文字の大きさ,06-1111-1111,〒536-0002 大阪府大阪市城東区今福東,9000,16
美・BODY・ヨガ Venus（ヴィーナス）,ただいまヨガのレッスン無料です！,準備中です。準備中です。準備中です。準備中です。準備中です。準備中です。準備中です。準備中です。準備中です。準備中です。準備中です。準備中です。準備中です。準備中です。準備中です。準備中です。準備中です。準備中です。,06-1111-1111,〒536-0005 大阪府大阪市城東区中央,3000,17
総合格闘技スタジオSTYLE,ボクシングから始まりレスリング、相撲まで多様な格闘技が学べます。,準備中です。準備中です。準備中です。準備中です。準備中です。準備中です。準備中です。準備中です。準備中です。準備中です。準備中です。準備中です。準備中です。準備中です。準備中です。準備中です。準備中です。準備中です。,06-1111-1111,〒536-0008 大阪府大阪市城東区関目,13000,18
パーソナル専門ジム・アクア,お客様の理想の体にコミット！,この文章はダミーです。文字の大きさ、量、字間、行間等を確認するために入れています。この文章はダミーです。文字の大きさ、量、字間、行間等を確認するために入れています。この文章はダミーです。文字の大きさ、量、字間、行間等を確認するために入れています。この文章はダミーです。文字の大きさ,06-1111-1111,大阪府大阪市城東区古市1-1-1,8200,19
クライミングクラブ大阪,大阪で最大規模のクライミングクラブです！初心者の方も大歓迎,この文章はダミーです。文字の大きさ、量、字間、行間等を確認するために入れています。この文章はダミーです。文字の大きさ、量、字間、行間等を確認するために入れています。この文章はダミーです。文字の大きさ、量、字間、行間等を確認するために入れています。この文章はダミーです。文字の大きさ,06-0000-0000,大阪府大阪市城東区放出西1-1-1,9700,20